{
"Belo Horizonte": [
-19.92083,
-43.93778
],
"Bras\u00edlia": [
-15.77972,
-47.92972
],
"Cuiab\u00e1": [
-15.59611,
-56.09667
],
"Curitiba": [
-25.42778,
-49.27306
],
"Fortaleza": [
-3.71722,
-38.54306
],
"Manaus": [
-3.10194,
-60.025
],
"Natal": [
-5.795,
-35.20944
],
"Porto Alegre": [
-30.03283,
-51.23019
],
"Recife": [
-8.05389,
-34.88111
],
"Rio de Janeiro": [
-22.90642,
-43.18223
],
"Salvador": [
-12.97563,
-38.49096
],
"S\u00e3o Paulo": [
-23.5475,
-46.63611
],
"Algeria": [
28.0,
3.0
],
"Argentina": [
-34.0,
-64.0
],
"Australia": [
-25.0,
135.0
],
"Belgium": [
50.75,
4.5
],
"Bosnia and Herzegovina": [
43.84864,
18.35644
],
"Brazil": [
-10.0,
-55.0
],
"Cameroon": [
6.0,
12.5
],
"Chile": [
-30.0,
-71.0
],
"Colombia": [
4.0,
-73.25
],
"Costa Rica": [
10.0,
-84.0
],
"Croatia": [
45.16667,
15.5
],
"Ecuador": [
-1.25,
-78.25
],
"England": [
51.50853,
-0.12574
],
"France": [
46.0,
2.0
],
"Germany": [
51.5,
10.5
],
"Ghana": [
8.1,
-1.2
],
"Greece": [
39.0,
22.0
],
"Honduras": [
15.0,
-86.5
],
"Iran": [
32.0,
53.0
],
"Italy": [
42.83333,
12.83333
],
"Ivory Coast": [
5.35444,
-4.00167
],
"Japan": [
35.68536,
139.7531
],
"Mexico": [
23.0,
-102.0
],
"Netherlands": [
36.29923,
-89.75119
],
"Nigeria": [
10.0,
8.0
],
"Portugal": [
39.6945,
-8.13057
],
"Russia": [
60.0,
100.0
],
"South Korea": [
37.566,
126.9784
],
"Spain": [
40.0,
-4.0
],
"Switzerland": [
47.00016,
8.01427
],
"United States": [
39.09973,
-94.57857
],
"Uruguay": [
-33.0,
-56.0
],
"Ekaterinburg": [
56.74311,
60.80273
],
"Kaliningrad": [
54.70639,
20.51102
],
"Kazan": [
55.78874,
49.12214
],
"Moscow": [
55.75204,
37.61781
],
"Nizhny Novgorod": [
56.32867,
44.00205
],
"Rostov-on-Don": [
47.21997,
39.70769
],
"Saint Petersburg": [
59.93863,
30.31413
],
"Samara": [
53.20767,
50.13553
],
"Saransk": [
54.18485,
45.17166
],
"Sochi": [
43.59699,
39.72477
],
"Volgograd": [
48.71378,
44.4976
],
"Denmark": [
56.0,
10.0
],
"Egypt": [
27.0,
30.0
],
"Iceland": [
65.0,
-18.0
],
"Morocco": [
28.5,
-10.0
],
"Panama": [
9.0,
-80.0
],
"Peru": [
-10.0,
-75.25
],
"Poland": [
52.0,
20.0
],
"Saudi Arabia": [
25.0,
45.0
],
"Senegal": [
14.5,
-14.25
],
"Serbia": [
44.81892,
20.45998
],
"Sweden": [
62.0,
15.0
],
"Tunisia": [
34.0,
9.0
],
"Al Khor": [
25.68389,
51.50583
],
"Al Rayyan": [
25.29194,
51.42444
],
"Al Wakrah": [
25.17151,
51.60337
],
"Doha": [
25.28545,
51.53096
],
"Lusail": [
25.4175,
51.5075
],
"Canada": [
60.10867,
-113.64258
],
"Qatar": [
25.5,
51.25
],
"Wales": [
51.48,
-3.18
],
"Bordeaux": [
44.84124,
-0.58046
],
"Lens": [
50.43302,
2.82791
],
"Lyon": [
45.74906,
4.84789
],
"Marseille": [
43.29695,
5.38107
],
"Nice": [
43.70313,
7.26608
],
"Paris": [
48.85341,
2.3488
],
"Saint-Denis": [
-20.88231,
55.4504
],
"Saint-\u00c9tienne": [
45.43389,
4.39
],
"Toulouse": [
43.60426,
1.44367
],
"Villeneuve-d'Ascq": [
50.61669,
3.16664
],
"Albania": [
41.0,
20.0
],
"Austria": [
47.33333,
13.33333
],
"Czech Republic": [
50.08804,
14.42076
],
"Hungary": [
47.0,
20.0
],
"Northern Ireland": [
54.59682,
-5.92541
],
"Republic of Ireland": [
53.33306,
-6.24889
],
"Romania": [
46.0,
25.0
],
"Slovakia": [
48.66667,
19.5
],
"Turkey": [
40.69843,
-74.40154
],
"Ukraine": [
49.0,
32.0
],
"Amsterdam": [
52.37403,
4.88969
],
"Baku": [
40.37767,
49.89201
],
"Bucharest": [
44.43225,
26.10626
],
"Budapest": [
47.49835,
19.04045
],
"Cardiff": [
51.48,
-3.18
],
"Copenhagen": [
55.67594,
12.56553
],
"Glasgow": [
55.86515,
-4.25763
],
"London": [
51.50853,
-0.12574
],
"Munich": [
48.13743,
11.57549
],
"Rome": [
41.89193,
12.51133
],
"Seville": [
37.38283,
-5.97317
],
"Finland": [
64.0,
26.0
],
"North Macedonia": [
41.66667,
21.75
],
"Scotland": [
55.86515,
-4.25763
],
"Berlin": [
52.52437,
13.41053
],
"Cologne": [
50.93333,
6.95
],
"Dortmund": [
51.51494,
7.466
],
"D\u00fcsseldorf": [
51.22319,
6.77927
],
"Frankfurt": [
50.11552,
8.68417
],
"Gelsenkirchen": [
51.50508,
7.09654
],
"Hamburg": [
53.55073,
9.99302
],
"Leipzig": [
51.33962,
12.37129
],
"Stuttgart": [
48.78232,
9.17702
],
"Georgia": [
41.99998,
43.4999
],
"Slovenia": [
46.08333,
15.0
]
}