{
 "grid": [
  0.0,
  25.0,
  50.0,
  75.0,
  100.0,
  150.0
 ],
 "gateA_pooled_ll": {
  "0.0": 0.9951828038958005,
  "25.0": 0.9955222376134772,
  "50.0": 0.9958781589462423,
  "75.0": 0.9962416837220563,
  "100.0": 0.9966063637067757,
  "150.0": 0.9973113173233535
 },
 "gateB_oos_ll": {
  "0.0": 0.8971163969763759,
  "25.0": 0.8950626452926804,
  "50.0": 0.8936234122201135,
  "75.0": 0.8929552061286238,
  "100.0": 0.8931847499611438,
  "150.0": 0.8966574342233383
 },
 "best_gamma_A": 0.0,
 "best_gamma_B": 75.0,
 "gateB_delta_vs0": -0.00416,
 "gateB_paired_t": -1.91,
 "verdict": "ADMITTED"
}