{"beta0": 0.251390903, "beta_home": 0.0931991549, "beta_away": -0.2442901351, "beta_elo": 0.7158445585, "rho": -0.0575606877}