{"beta0": 0.24061, "beta_home": 0.104358, "beta_away": -0.241418, "beta_elo": 0.715487, "rho": -0.060624}