{"beta0": 0.2405798384, "beta_home": 0.1043400194, "beta_away": -0.2413058118, "beta_elo": 0.715534361, "rho": -0.0604992727}