{"beta0": 0.2405798725, "beta_home": 0.1043399576, "beta_away": -0.2413058188, "beta_elo": 0.7155343011, "rho": -0.0604993354}