{"beta0": 0.2406096168, "beta_home": 0.1043579177, "beta_away": -0.2414169742, "beta_elo": 0.7154877486, "rho": -0.0606240407}