{"beta0": 0.2403778978, "beta_home": 0.1032183407, "beta_away": -0.2448704294, "beta_elo": 0.7162924111, "rho": -0.0606091275}