{"beta0": 0.2513911537, "beta_home": 0.0931992788, "beta_away": -0.2442899501, "beta_elo": 0.7158440208, "rho": -0.0575605591}