{"beta0": 0.2513911685, "beta_home": 0.0931992256, "beta_away": -0.2442900069, "beta_elo": 0.7158440158, "rho": -0.0575606478}