{"beta0": 0.2406099869, "beta_home": 0.1043578781, "beta_away": -0.2414175951, "beta_elo": 0.7154872754, "rho": -0.0606241134}